designation,b1_mm,b2_mm,t_mm,r1_mm,r2_mm,mass_kg_m
L40x25x4,40,25,4,6,3,1.93
L45x30x4,45,30,4,6,3,2.25
L50x30x5,50,30,5,7,3.5,2.96
L60x40x5,60,40,5,7,3.5,3.75
L60x40x6,60,40,6,7,3.5,4.45
L65x50x5,65,50,5,7,3.5,4.35
L65x50x6,65,50,6,7,3.5,5.16
L65x50x8,65,50,8,7,3.5,6.75
L70x50x6,70,50,6,8,4,5.41
L75x50x6,75,50,6,8,4,5.65
L75x50x8,75,50,8,8,4,7.39
L75x50x10,75,50,10,8,4,9.07
L80x40x6,80,40,6,8,4,5.41
L80x60x6,80,60,6,9,4.5,6.37
L80x60x7,80,60,7,9,4.5,7.36
L80x60x8,80,60,8,9,4.5,8.34
L100x50x6,100,50,6,10,5,6.98
L100x50x8,100,50,8,10,5,8.99
L100x50x10,100,50,10,10,5,11.1
L100x65x7,100,65,7,10,5,8.77
L100x65x8,100,65,8,10,5,9.94
L100x65x10,100,65,10,10,5,12.3
L100x75x7,100,75,7,11,5.5,9.32
L100x75x8,100,75,8,11,5.5,10.5
L100x75x10,100,75,10,11,5.5,13
L100x75x12,100,75,12,11,5.5,15.4
L120x80x8,120,80,8,11,5.5,12.2
L120x80x10,120,80,10,11,5.5,15
L120x80x12,120,80,12,11,5.5,17.8
L120x80x14,120,80,14,11,5.5,20.5
L125x75x8,125,75,8,11,5.5,12.2
L125x75x10,125,75,10,11,5.5,15
L125x75x12,125,75,12,11,5.5,17.8
L150x75x10,150,75,10,11,5.5,17
L150x75x12,150,75,12,11,5.5,20.2
L150x75x15,150,75,15,11,5.5,24.8
L150x90x10,150,90,10,12,6,17.8
L150x90x12,150,90,12,12,6,21.6
L150x90x15,150,90,15,12,6,26.6
L150x100x10,150,100,10,12,6,18.9
L150x100x12,150,100,12,12,6,22.6
L150x100x14,150,100,14,12,6,26.1
L150x100x15,150,100,15,12,6,27.8
L200x100x10,200,100,10,14,7,22.7
L200x100x12,200,100,12,14,7,27.3
L200x100x15,200,100,15,14,7,33.7
L200x150x12,200,150,12,15,7.5,31.6
L200x150x15,200,150,15,15,7.5,39.6
L200x150x18,200,150,18,15,7.5,47.1
