designation,a_mm,t_mm,r1_mm,r2_mm,mass_kg_m
L20x20x3,20,3,3.5,2,0.88
L25x25x3,25,3,3.5,2,1.12
L25x25x4,25,4,3.5,2,1.45
L30x30x3,30,3,5,2.5,1.36
L30x30x4,30,4,5,2.5,1.78
L35x35x4,35,4,5,2.5,2.09
L40x40x4,40,4,6,3,2.42
L40x40x5,40,5,6,3,2.97
L45x45x4.5,45,4.5,7,3.5,3.06
L45x45x6,45,6,7,3.5,4.00
L50x50x5,50,5,7,3.5,3.77
L50x50x6,50,6,7,3.5,4.47
L60x60x6,60,6,8,4,5.42
L60x60x8,60,8,8,4,7.09
L65x65x7,65,7,9,4.5,6.83
L70x70x7,70,7,9,4.5,7.38
L75x75x8,75,8,9,4.5,9.03
L75x75x10,75,10,9,4.5,11.1
L80x80x8,80,8,10,5,9.63
L80x80x10,80,10,10,5,11.9
L90x90x9,90,9,11,5.5,12.2
L90x90x10,90,10,11,5.5,13.4
L100x100x10,100,10,12,6,15.0
L100x100x12,100,12,12,6,17.8
L120x120x10,120,10,13,6.5,18.2
L120x120x12,120,12,13,6.5,21.6
L130x130x12,130,12,14,7,23.5
L150x150x12,150,12,16,8,27.3
L150x150x15,150,15,16,8,33.8
L150x150x18,150,18,16,8,40.1
L160x160x15,160,15,17,8.5,36.2
L180x180x16,180,16,18,9,43.5
L180x180x18,180,18,18,9,48.5
L200x200x16,200,16,18,9,48.5
L200x200x18,200,18,18,9,54.2
L200x200x20,200,20,18,9,59.9
L200x200x24,200,24,18,9,71.1
