designation,h_mm,b_mm,tw_mm,tf_mm,r1_mm,r2_mm,mass_kg_m
UPN20x10x3,20,10,3,3.5,3.5,2.5,0.9
UPN30x15x4,30,15,4,4.5,4.5,2.5,1.8
UPN30x33x5,30,33,5,7,7,3,4.45
UPN40x20x3,40,20,3,3.3,3.3,3,1.87
UPN40x20x4,40,20,4,4.5,4.5,3,2.47
UPN40x35x5,40,35,5,7,7,3,5.06
UPN50x25x5,50,25,5,6,5,3.5,3.94
UPN50,50,38,5.0,7.0,7.0,3.5,5.59
UPN50x38x5,50,38,5,7,7,3.5,5.7
UPN60x30x6,60,30,6,6,6,3,5.17
UPN65,65,42,5.5,7.5,7.5,4.0,7.09
UPN65x42x5.5,65,42,5.5,7.5,7.5,4,7.22
UPN80,80,45,6.0,8.0,8.0,4.0,8.64
UPN100,100,50,6.0,8.5,8.5,4.5,10.6
UPN120,120,55,7.0,9.0,9.0,4.5,13.4
UPN140,140,60,7.0,10.0,10.0,5.0,16.0
UPN160,160,65,7.5,10.5,10.5,5.5,18.8
UPN180,180,70,8.0,11.0,11.0,5.5,22.0
UPN200,200,75,8.5,11.5,11.5,6.0,25.3
UPN220,220,80,9.0,12.5,12.5,6.5,29.4
UPN240,240,85,9.5,13.0,13.0,6.5,33.2
UPN260,260,90,10.0,14.0,14.0,7.0,37.9
UPN280,280,95,10.0,15.0,15.0,7.5,41.8
UPN300,300,100,10.0,16.0,16.0,8.0,46.2
UPN320,320,100,14.0,17.5,17.5,8.75,59.5
UPN350,350,100,14.0,16.0,16.0,8.0,60.6
UPN380,380,102,13.5,16.0,16.0,8.0,63.1
UPN400,400,110,14.0,18.0,18.0,9.0,71.8
